{
	"id": "744676fd-cd23-4c1f-8c02-0bb21527793a",
	"name": "qa-staging",
	"values": [
		{
			"key": "HOST_URL",
			"value": "https://reqres.in/api",
			"type": "default",
			"enabled": true
		},
		{
			"key": "HOST_PORT",
			"value": "8080",
			"type": "default",
			"enabled": true
		},
		{
			"key": "PAGE",
			"value": "1",
			"type": "default",
			"enabled": true
		},
		{
			"key": "SIZE",
			"value": "10",
			"type": "default",
			"enabled": true
		}
	],
	"_postman_variable_scope": "environment",
	"_postman_exported_at": "2024-01-12T06:45:06.599Z",
	"_postman_exported_using": "Postman/10.21.14"
}