<?xml version="1.0" encoding="UTF-8"?>
<suite name="RestAssured Test">

	<listeners>
		<listener class-name="org.uncommons.reportng.HTMLReporter" />
		<listener class-name="org.uncommons.reportng.JUnitXMLReporter" />
	</listeners>
	<test name="REST APIs">
		<classes>
			<class name="resttesting.GetRequestTest"></class>
			<class name="resttesting.PostRequestTest"></class>
			<class name="resttesting.PutRequestTest"></class>
			<class name="resttesting.DeleteRequestTest"></class>
		</classes>
	</test>
	
	<test name="SOAP APIs">
		<classes>
			<class name="soaptesting.GetCapitalByCountryCodeTest"></class>
			<class name="soaptesting.NumberToWordConversion"></class>
		</classes>
	</test>
	
	<test name="REST Auth">
		<classes>
			<class name="authtesting.AuthenticationTest"></class>
		</classes>
	</test>
</suite>